{"object": {"dependencies": [{"basedOn": null, "packageRef": {"identity": "amadeus-ios", "isLocal": false, "name": "Amadeus", "path": "https://github.com/amadeus4dev/amadeus-ios.git"}, "state": {"checkoutState": {"branch": null, "revision": "2b3f0bfb7ac16394e170c5df3f53ff7b644b8eaa", "version": "1.1.0"}, "name": "checkout"}, "subpath": "amadeus-ios"}, {"basedOn": null, "packageRef": {"identity": "swiftyjson", "isLocal": false, "name": "SwiftyJSON", "path": "https://github.com/SwiftyJSON/SwiftyJSON.git"}, "state": {"checkoutState": {"branch": null, "revision": "2b6054efa051565954e1d2b9da831680026cd768", "version": "4.3.0"}, "name": "checkout"}, "subpath": "SwiftyJSON"}]}, "version": 2}